population,responder_samples,nonresponder_samples,responder_mean_percentage,nonresponder_mean_percentage,difference_in_means,mann_whitney_u,p_value,adjusted_p_value,significant
cd4_t_cell,993,975,30.53780834185009,29.90226177625406,0.6355465655960302,515276.0,0.013344218813937624,0.06672109406968811,False
b_cell,993,975,9.797552613770158,9.996319710875161,-0.1987670971050033,459971.0,0.055702309738266245,0.1392557743456656,False
nk_cell,993,975,14.84094427086041,15.07316621464659,-0.23222194378618077,464546.0,0.1210507982042857,0.20175133034047618,False
monocyte,993,975,19.941763178422633,20.084327940698326,-0.14256476227569337,466510.0,0.16315013268752876,0.20393766585941095,False
cd8_t_cell,993,975,24.88193159509671,24.94392435752586,-0.061992762429149195,478176.0,0.6390858847346418,0.6390858847346418,False
